{"cameraMode":{"drawMode":0,"name":"Shaded","section":"Shading Mode"},"sceneLighting":false,"audioPlay":false,"sceneViewState":{"showFog":true,"showMaterialUpdate":false,"showSkybox":false,"showFlares":true,"showImageEffects":true,"showParticleSystems":true},"in2DMode":false,"pivot":{"x":44.94511032104492,"y":70.78407287597656,"z":26.12579917907715},"rotation":{"x":0.6712741255760193,"y":0.04216986894607544,"z":-0.03830406814813614,"w":0.7390198111534119},"size":127.43043518066406,"orthographic":false}