{"cameraMode":{"drawMode":0,"name":"Shaded","section":"Shading Mode"},"sceneLighting":false,"audioPlay":false,"sceneViewState":{"showFog":true,"showMaterialUpdate":false,"showSkybox":false,"showFlares":true,"showImageEffects":true,"showParticleSystems":true},"in2DMode":false,"pivot":{"x":13.264265060424805,"y":-118.00741577148438,"z":555.4111938476563},"rotation":{"x":0.5110081434249878,"y":-0.010313652455806733,"z":0.006131657399237156,"w":0.8594958186149597},"size":511.1583251953125,"orthographic":false}