{"cameraMode":{"drawMode":0,"name":"Shaded","section":"Shading Mode"},"sceneLighting":false,"audioPlay":false,"sceneViewState":{"showFog":true,"showMaterialUpdate":false,"showSkybox":false,"showFlares":true,"showImageEffects":true,"showParticleSystems":true},"in2DMode":false,"pivot":{"x":-1.9537343978881837,"y":4.731361389160156,"z":-261.45587158203127},"rotation":{"x":-0.7066066861152649,"y":0.011035901494324208,"z":-0.011020920239388943,"w":-0.7074379920959473},"size":74.30497741699219,"orthographic":false}