{"cameraMode":{"drawMode":0,"name":"Shaded","section":"Shading Mode"},"sceneLighting":false,"audioPlay":false,"sceneViewState":{"showFog":true,"showMaterialUpdate":false,"showSkybox":false,"showFlares":true,"showImageEffects":true,"showParticleSystems":true},"in2DMode":false,"pivot":{"x":-104.04389190673828,"y":-30.728973388671876,"z":-76.20809936523438},"rotation":{"x":0.4478735327720642,"y":-0.00670486269518733,"z":0.0033584923949092628,"w":0.8940689563751221},"size":279.60443115234377,"orthographic":false}