{"cameraMode":{"drawMode":0,"name":"Shaded","section":"Shading Mode"},"sceneLighting":true,"audioPlay":false,"sceneViewState":{"showFog":true,"showMaterialUpdate":false,"showSkybox":false,"showFlares":true,"showImageEffects":true,"showParticleSystems":true},"in2DMode":false,"pivot":{"x":0.09953711926937103,"y":-0.11546707153320313,"z":-0.02005094289779663},"rotation":{"x":0.7196679711341858,"y":0.008330888114869595,"z":-0.00863660965114832,"w":0.6942154765129089},"size":4.433582782745361,"orthographic":false}