{"cameraMode":{"drawMode":0,"name":"Shaded","section":"Shading Mode"},"sceneLighting":false,"audioPlay":false,"sceneViewState":{"showFog":true,"showMaterialUpdate":false,"showSkybox":false,"showFlares":true,"showImageEffects":true,"showParticleSystems":true},"in2DMode":false,"pivot":{"x":-0.7999992370605469,"y":0.5764617919921875,"z":-75.4000015258789},"rotation":{"x":0.41758766770362856,"y":-0.0005707798409275711,"z":0.000246441486524418,"w":0.9086419939994812},"size":46.63029479980469,"orthographic":false}