{"cameraMode":{"drawMode":0,"name":"Shaded","section":"Shading Mode"},"sceneLighting":true,"audioPlay":false,"sceneViewState":{"showFog":true,"showMaterialUpdate":false,"showSkybox":false,"showFlares":true,"showImageEffects":true,"showParticleSystems":true},"in2DMode":false,"pivot":{"x":0.01372614223510027,"y":-0.168410062789917,"z":-0.3225201964378357},"rotation":{"x":0.7196679711341858,"y":0.008330888114869595,"z":-0.00863660965114832,"w":0.6942154765129089},"size":3.6093926429748537,"orthographic":false}