{"cameraMode":{"drawMode":0,"name":"Shaded","section":"Shading Mode"},"sceneLighting":false,"audioPlay":false,"sceneViewState":{"showFog":true,"showMaterialUpdate":false,"showSkybox":false,"showFlares":true,"showImageEffects":true,"showParticleSystems":true},"in2DMode":false,"pivot":{"x":-69.9000015258789,"y":0.7305178642272949,"z":5.9377570152282719},"rotation":{"x":0.1960020810365677,"y":-0.0338234044611454,"z":0.006764865480363369,"w":0.9799972176551819},"size":74.19197082519531,"orthographic":false}