{"cameraMode":{"drawMode":0,"name":"Shaded","section":"Shading Mode"},"sceneLighting":false,"audioPlay":false,"sceneViewState":{"showFog":true,"showMaterialUpdate":false,"showSkybox":false,"showFlares":true,"showImageEffects":true,"showParticleSystems":true},"in2DMode":false,"pivot":{"x":-1.3015727996826172,"y":1.834334373474121,"z":6.907388210296631},"rotation":{"x":-0.425711452960968,"y":-0.3648429214954376,"z":0.1928788721561432,"w":-0.8052734732627869},"size":14.225981712341309,"orthographic":false}